{"_id":{"$oid":"5fd2a03da622bbf2d557bc07"},"titulo":"Hey! La vida es más que seguros","descripcion":"Por eso, nosotros nos preocupamos de encontrar el mejor plan para ti, tu familia y/o tu empresa.<br/>\nDe manera fácil, rápida y transparente. Solo cuéntanos, <strong>¿Qué quieres asegurar hoy?</strong>\n\n","texto_boton1":"Persona","texto_boton2":"Empresa","url_boton1":"https://www.google.cl","url_boton2":"#goo","published_at":{"$date":{"$numberLong":"1607639549426"}},"createdAt":{"$date":{"$numberLong":"1607639101095"}},"updatedAt":{"$date":{"$numberLong":"1611856588959"}},"__v":{"$numberInt":"0"},"created_by":{"$oid":"5fd1173af29f9e49bc1bef64"},"updated_by":{"$oid":"5fd1173af29f9e49bc1bef64"},"imagen_destacada":[],"descripcion_somos_expertos":"Somos productores y corredores de seguros con una gran experiencia. Nuestra organización afiatada y especializada, nos permite la constante innovación y desarrollo de nuevos productos, que se expresan en múltiples y variados servicios para nuestros clientes.","numero_consultas":"+35.001","numero_siniestros":"+5.000","porcentaje_clientes":"95%","titulo_somos_expertos":"Somos expertos en seguros","Logos":[{"_id":{"$oid":"6012facc20653a22e149c0cc"},"kind":"ComponentLogosLogos","ref":{"$oid":"5fe427a8eb32c42b2d4c6b42"}}],"Direccion":"Las Torcazas 50, <br>Las Condes, Santiago","numeroDos":"+56 9 5014 04 91","numeroUno":"+56 2 2 299 41 00","titulo_Email":"Email","titulo_telefono":"Teléfono","correo":"contacto@recover.cl","titulo_direccion":"Direccción","facebook":"https://facebook.com/","linkedin":"https://linkedin.com/","twitter":"","whatsapp":"+56957896533"}