{"_id":{"$oid":"5fd77a1f3135cbd38c031a4e"},"titulo":"Ejemplo de bloques","cantidadBloques":{"$numberInt":"6"},"published_at":{"$date":{"$numberLong":"1607957101467"}},"createdAt":{"$date":{"$numberLong":"1607957023930"}},"updatedAt":{"$date":{"$numberLong":"1607957101883"}},"__v":{"$numberInt":"0"},"created_by":{"$oid":"5fd1173af29f9e49bc1bef64"},"updated_by":{"$oid":"5fd1173af29f9e49bc1bef64"}}
{"_id":{"$oid":"5fd77c76fbe03ddb3ee72d96"},"titulo":"Ejemplo de bloques 2","descripcion":"TEstttetresaddassadsdaasdasddas","published_at":{"$date":{"$numberLong":"1607957635407"}},"createdAt":{"$date":{"$numberLong":"1607957622243"}},"updatedAt":{"$date":{"$numberLong":"1607957635820"}},"__v":{"$numberInt":"0"},"created_by":{"$oid":"5fd1173af29f9e49bc1bef64"},"updated_by":{"$oid":"5fd1173af29f9e49bc1bef64"}}
